{
  "Phi": [
    0.0,
    0.5235987755982988,
    1.0471975511965976,
    1.5707963267948966,
    2.0943951023931953,
    2.617993877991494,
    3.141592653589793,
    3.665191429188092,
    4.1887902047863905,
    4.71238898038469,
    5.235987755982988,
    5.759586531581287,
    6.283185307179586
  ],
  "FI_FCS": [
    1.1678453648098526e-19,
    0.011122863311224872,
    0.05611098351144024,
    0.160317308031338,
    0.3648188499762587,
    0.7247075125515372,
    1.2306876988196798,
    1.5530821246635174,
    0.9206299728929701,
    2.0233236187675377e-19,
    0.920629960709589,
    1.5530821267027766,
    1.2306876972087704
  ],
  "FI_direct": [
    3.128654931022567e-28,
    0.0017390984304854306,
    0.008454886885287899,
    0.024030858196894763,
    0.05519389715970116,
    0.10928405322467266,
    0.17277318464259112,
    0.1716938786486131,
    0.06590099738131186,
    6.638506729094423e-29,
    0.06590099738131158,
    0.17169387864861746,
    0.17277318464259867
  ],
  "flux_totals": [
    0.1588036121736709,
    0.16317871888153446,
    0.1779307257014212,
    0.2071210061681529,
    0.2574616209677919,
    0.3389594031970019,
    0.46034886599845604,
    0.6105885917805977,
    0.7393034145307041,
    0.788748265377792,
    0.7393034145338913,
    0.6105885917727321,
    0.46034886599238356
  ],
  "cov_diag": [
    0.06224595992859245,
    0.06291317611450764,
    0.06585486260339377,
    0.07495016711417604,
    0.09302190932278463,
    0.11966938859698216,
    0.15067145169037863,
    0.17256215250395301,
    0.18063016832070158,
    0.1833350467187031,
    0.18063016881924346,
    0.17256215135382072,
    0.15067145157335451
  ]
}