{
  "Phi": [
    0.0,
    0.5235987755982988,
    1.0471975511965976,
    1.5707963267948966,
    2.0943951023931953,
    2.617993877991494,
    3.141592653589793,
    3.665191429188092,
    4.1887902047863905,
    4.71238898038469,
    5.235987755982988,
    5.759586531581287,
    6.283185307179586
  ],
  "FI_nonpert": [
    3.128654931022567e-28,
    0.0017390984304854306,
    0.008454886885287899,
    0.024030858196894763,
    0.05519389715970116,
    0.10928405322467266,
    0.17277318464259112,
    0.1716938786486131,
    0.06590099738131186,
    6.638506729094423e-29,
    0.06590099738131158,
    0.17169387864861746,
    0.17277318464259867
  ],
  "n_total": [
    0.1588036551911069,
    0.16317876130079093,
    0.17793076770681038,
    0.20712105170087677,
    0.2574616750739469,
    0.3389594664313237,
    0.4603489298388861,
    0.6105886421805717,
    0.7393034509517658,
    0.7887482962051788,
    0.7393034509517659,
    0.6105886421805722,
    0.46034892983888676
  ],
  "g2_cross": [
    2.9968381593040507,
    2.929350850904857,
    2.7482149610262288,
    2.483044380074424,
    2.155893274937649,
    1.7994372160685277,
    1.4652813009486063,
    1.21091477120232,
    1.0675885435502706,
    1.0247647356469851,
    1.067588543550271,
    1.210914771202319,
    1.4652813009486048
  ],
  "alpha_nonpert": [
    [
      0.19243306713994032,
      0.1924330671399402,
      0.1924330671399404
    ],
    [
      0.19473666072629403,
      0.19473666072629398,
      0.19473666072629403
    ],
    [
      0.20192239715370602,
      0.20192239715370594,
      0.201922397153706
    ],
    [
      0.21456482037402747,
      0.21456482037402744,
      0.21456482037402747
    ],
    [
      0.23319509270028363,
      0.23319509270028368,
      0.23319509270028363
    ],
    [
      0.2576062396592283,
      0.2576062396592283,
      0.2576062396592282
    ],
    [
      0.28519898661290044,
      0.2851989866129004,
      0.2851989866129004
    ],
    [
      0.30960462743801215,
      0.30960462743801226,
      0.3096046274380122
    ],
    [
      0.3242837273862564,
      0.3242837273862565,
      0.3242837273862565
    ],
    [
      0.32864512341882457,
      0.3286451234188247,
      0.32864512341882457
    ],
    [
      0.3242837273862566,
      0.3242837273862567,
      0.3242837273862567
    ],
    [
      0.309604627438012,
      0.309604627438012,
      0.309604627438012
    ],
    [
      0.2851989866129007,
      0.2851989866129008,
      0.28519898661290083
    ]
  ],
  "alpha_weak_PT": [
    [
      0.1940285000290664,
      0.19402850002906638,
      0.19402850002906638
    ],
    [
      0.1968417832059145,
      0.19684178320591447,
      0.19684178320591453
    ],
    [
      0.2056809765604683,
      0.20568097656046833,
      0.20568097656046835
    ],
    [
      0.22188007849009164,
      0.2218800784900917,
      0.22188007849009161
    ],
    [
      0.24819854902873142,
      0.2481985490287313,
      0.24819854902873145
    ],
    [
      0.28998425381454557,
      0.28998425381454546,
      0.2899842538145456
    ],
    [
      0.35777087639996635,
      0.3577708763999663,
      0.3577708763999663
    ],
    [
      0.47208983902968366,
      0.4720898390296836,
      0.4720898390296837
    ],
    [
      0.657050328161954,
      0.6570503281619539,
      0.6570503281619539
    ],
    [
      0.7999999999999999,
      0.8,
      0.7999999999999999
    ],
    [
      0.657050328161954,
      0.6570503281619541,
      0.6570503281619542
    ],
    [
      0.4720898390296839,
      0.47208983902968393,
      0.472089839029684
    ],
    [
      0.35777087639996646,
      0.3577708763999665,
      0.3577708763999665
    ]
  ],
  "F_SQL": [
    0.6352146207644276,
    0.6527150452031637,
    0.7117230708272415,
    0.8284842068035071,
    1.0298467002957876,
    1.3558378657252947,
    1.8413957193555444,
    2.442354568722287,
    2.957213803807063,
    3.1549931848207153,
    2.9572138038070634,
    2.4423545687222887,
    1.841395719355547
  ],
  "weak_drive_PT_vs_nonpert": 1.4342366370076383
}