{
  "Phi_vals": [
    0.5,
    2.0,
    3.14,
    4.5
  ],
  "ED": {
    "0.5": {
      "n": [
        0.05426032652916561,
        0.054260326529165535,
        0.054260326529165626
      ],
      "flux": [
        0.05426032652916561,
        0.054260326529165535,
        0.054260326529165626
      ],
      "wall": 0.011767148971557617
    },
    "2.0": {
      "n": [
        0.08213694329714472,
        0.08213694329714477,
        0.08213694329714477
      ],
      "flux": [
        0.08213694329714472,
        0.08213694329714477,
        0.08213694329714477
      ],
      "wall": 0.011770248413085938
    },
    "3.14": {
      "n": [
        0.15330698345300367,
        0.15330698345300375,
        0.15330698345300373
      ],
      "flux": [
        0.15330698345300367,
        0.15330698345300375,
        0.15330698345300373
      ],
      "wall": 0.01146841049194336
    },
    "4.5": {
      "n": [
        0.26014280128095263,
        0.2601428012809527,
        0.2601428012809527
      ],
      "flux": [
        0.26014280128095263,
        0.2601428012809527,
        0.2601428012809527
      ],
      "wall": 0.011553525924682617
    }
  },
  "MCWF": {
    "0.5": {
      "n": [
        0.052651738020327535,
        0.054885613019859066,
        0.05142623457136478
      ],
      "flux": [
        0.0564,
        0.054,
        0.06
      ],
      "wall": 1.4698758125305176
    },
    "2.0": {
      "n": [
        0.08163869298723318,
        0.08482002357112989,
        0.08045192778491518
      ],
      "flux": [
        0.08246666666666666,
        0.08273333333333334,
        0.08793333333333334
      ],
      "wall": 1.5633928775787354
    },
    "3.14": {
      "n": [
        0.1509519125353777,
        0.15732086095180012,
        0.1572223308531378
      ],
      "flux": [
        0.1532,
        0.14973333333333333,
        0.15273333333333333
      ],
      "wall": 1.8393373489379883
    },
    "4.5": {
      "n": [
        0.27122902360762136,
        0.25501209410334724,
        0.2699190207898743
      ],
      "flux": [
        0.25326666666666664,
        0.24046666666666666,
        0.25533333333333336
      ],
      "wall": 2.3007352352142334
    }
  }
}