{
  "N_fock": 24,
  "alpha_abs": 0.8,
  "phase0": 0.01,
  "dphase": 0.002,
  "S": [
    0.0,
    0.1,
    0.2,
    0.3,
    0.5,
    0.6,
    0.7,
    0.75,
    0.8
  ],
  "r": [
    0.0,
    0.10033534773107558,
    0.2027325540540822,
    0.3095196042031117,
    0.5493061443340549,
    0.6931471805599453,
    0.8673005276940531,
    0.9729550745276566,
    1.0986122886681098
  ],
  "F_PNR_lab": [
    6.783004903607836e-27,
    2.100441368609545e-26,
    1.9194412693531234e-26,
    3.178005437366129e-26,
    4.6923984921861236e-26,
    3.2468448364285675e-26,
    4.748819195124473e-26,
    7.025668654234947e-26,
    5.989903618617302e-26
  ],
  "F_PNR_BS": [
    5.119974787218719,
    6.257587614346795,
    7.67972303558405,
    9.508159037647532,
    15.35894691000043,
    20.476446689838617,
    28.946962769808266,
    35.517095389352406,
    44.597851541130055
  ],
  "F_hom": [
    5.119993173337012,
    6.25776943407846,
    7.67998976000551,
    9.508558750482932,
    15.359979514247112,
    20.479969881947593,
    29.012464631127827,
    35.82351256936757,
    45.663992869162215
  ],
  "ratio_BS": [
    0.9999964089564827,
    0.9999709449615265,
    0.999965270211316,
    0.9999579628368622,
    0.9999327730713623,
    0.9998279688823136,
    0.9977422855261568,
    0.9914464786382455,
    0.9766524725271638
  ],
  "ratio_theory": [
    0.5,
    0.3347107438016529,
    0.22222222222222227,
    0.1449704142011834,
    0.05555555555555555,
    0.03125,
    0.01557093425605537,
    0.01020408163265306,
    0.006172839506172836
  ],
  "n_mean": [
    1.279999999999999,
    1.3002020202020206,
    1.3633333333333308,
    1.4778021978021978,
    1.946666666614998,
    2.4049999734002703,
    3.2015613241206737,
    3.8513263670312057,
    4.834233989239123
  ]
}