{
  "S": [
    0.0,
    0.07727272727272727,
    0.15454545454545454,
    0.2318181818181818,
    0.3090909090909091,
    0.38636363636363635,
    0.4636363636363636,
    0.5409090909090909,
    0.6181818181818182,
    0.6954545454545454,
    0.7727272727272727,
    0.85
  ],
  "qutip_FI": [
    2.4651903288156632e-28,
    1.773333906986651e-26,
    9.806371538356043e-25,
    2.2892253559098253e-25,
    6.809124617602127e-26,
    5.61779823309806e-25,
    6.495300673842023e-26,
    1.2710960492209499e-25,
    2.253179990308502e-25,
    2.244416855433223e-25,
    1.5055386048898983e-25,
    3.761777390978575e-24
  ],
  "keldysh_FI": [
    0.0,
    2.945617124981465e-26,
    2.047110787266781e-26,
    1.1814789501611305e-26,
    3.517203710783136e-26,
    5.5815766858338176e-27,
    5.7867873234369626e-27,
    2.7146349236379484e-26,
    1.0289240756146977e-26,
    1.0795001593974606e-26,
    1.1484970553852169e-26,
    2.0078287597376722e-26
  ],
  "qutip_squeezing": [
    0.9999999999999998,
    0.9282700421940965,
    0.8661417322834637,
    0.8118081180812783,
    0.763888888919122,
    0.7213114780756045,
    0.6832299228575178,
    0.6489702213026028,
    0.6180223170317471,
    0.590368042142722,
    0.5693198300000091,
    0.5762158323745283
  ],
  "keldysh_squeezing": [
    1.0,
    0.9282700421940946,
    0.8661417322834652,
    0.8118081180811819,
    0.7638888888888885,
    0.7213114754098344,
    0.6832298136645962,
    0.6489675516224195,
    0.6179775280898878,
    0.5898123324396787,
    0.5641025641025634,
    0.5405405405405399
  ],
  "max_rel_err_squeezing": 0.009248789545471835,
  "max_rel_err_FI": 9.601660459629366e-13
}