{
  "R": 1e-05,
  "m_p": 40.53667940115863,
  "n_photon": 1000,
  "T_sec": 1.0,
  "N_vals": [
    1,
    2,
    3,
    4,
    5,
    6,
    7,
    8,
    9,
    10,
    11,
    12,
    13,
    14,
    15,
    16,
    17,
    18,
    19,
    20,
    21,
    22,
    23,
    24,
    25,
    26,
    27,
    28,
    29,
    30,
    31,
    32,
    33,
    34,
    35,
    36,
    37,
    38,
    39,
    40,
    41,
    42,
    43,
    44,
    45,
    46,
    47,
    48,
    49,
    50,
    51,
    52,
    53,
    54,
    55,
    56,
    57,
    58,
    59,
    60,
    61,
    62,
    63,
    64,
    65,
    66,
    67,
    68,
    69,
    70,
    71,
    72,
    73,
    74,
    75,
    76,
    77,
    78,
    79,
    80,
    81,
    82,
    83,
    84,
    85,
    86,
    87,
    88,
    89,
    90,
    91,
    92,
    93,
    94,
    95,
    96,
    97,
    98,
    99,
    100
  ],
  "sig_A_SQL": [
    0.00019502569690488724,
    0.00013790399278707804,
    0.00011259813860693101,
    9.751284845244362e-05,
    8.721814312771963e-05,
    7.961890735794371e-05,
    7.371278475391298e-05,
    6.895199639353902e-05,
    6.500856563496241e-05,
    6.167254044810943e-05,
    5.880246010100794e-05,
    5.6299069303465504e-05,
    5.40903961710515e-05,
    5.212280995963622e-05,
    5.035541841300824e-05,
    4.875642422622181e-05,
    4.730067929697325e-05,
    4.5967997595692674e-05,
    4.4741963379052446e-05,
    4.3609071563859814e-05,
    4.25580961203886e-05,
    4.1579618287874115e-05,
    4.066566891619521e-05,
    3.9809453678971856e-05,
    3.9005139380977446e-05,
    3.824768592961738e-05,
    3.7532712868977e-05,
    3.685639237695649e-05,
    3.621536273996825e-05,
    3.5606657829324065e-05,
    3.502764919558453e-05,
    3.447599819676951e-05,
    3.3949616168329165e-05,
    3.3446631085619924e-05,
    3.2965359504111905e-05,
    3.2504282817481205e-05,
    3.2062027069685014e-05,
    3.163734570892816e-05,
    3.1229104789930085e-05,
    3.0836270224054715e-05,
    3.0457896750583316e-05,
    3.0093118361115676e-05,
    2.9741139956115187e-05,
    2.940123005050397e-05,
    2.9072714375906543e-05,
    2.8754970252128636e-05,
    2.8447421620902336e-05,
    2.8149534651732752e-05,
    2.786081384355532e-05,
    2.7580798557415604e-05,
    2.7309059924959664e-05,
    2.704519808552575e-05,
    2.6788839711341403e-05,
    2.653963578598124e-05,
    2.629725960601458e-05,
    2.606140497981811e-05,
    2.5831784600968313e-05,
    2.5608128576562174e-05,
    2.53901830933235e-05,
    2.517770920650412e-05,
    2.4970481738440412e-05,
    2.476828827522134e-05,
    2.4570928251304327e-05,
    2.4378212113110905e-05,
    2.41899605536731e-05,
    2.4006003811306004e-05,
    2.3826181026071268e-05,
    2.3650339648486625e-05,
    2.3478334895541506e-05,
    2.331002924960993e-05,
    2.314529199631939e-05,
    2.2983998797846337e-05,
    2.282603129847285e-05,
    2.2671276759560924e-05,
    2.2519627721386202e-05,
    2.2370981689526223e-05,
    2.2225240843723577e-05,
    2.2082311767344857e-05,
    2.194210519573545e-05,
    2.1804535781929907e-05,
    2.1669521878320803e-05,
    2.1536985333017173e-05,
    2.140685129973859e-05,
    2.12790480601943e-05,
    2.1153506857989833e-05,
    2.1030161743187224e-05,
    2.0908949426720613e-05,
    2.0789809143937058e-05,
    2.067268252659434e-05,
    2.0557513482703145e-05,
    2.0444248083651803e-05,
    2.0332834458097606e-05,
    2.0223222692150506e-05,
    2.011536473541285e-05,
    2.0009214312473493e-05,
    1.9904726839485928e-05,
    1.9801859345488875e-05,
    1.9700570398154004e-05,
    1.9600820033669314e-05,
    1.9502569690488723e-05
  ],
  "sig_A_sq_S099": [
    1.38250051029527e-05,
    9.775754858236477e-06,
    7.981870417737691e-06,
    6.91250255147635e-06,
    6.182730239896743e-06,
    5.644034698934623e-06,
    5.225360768087394e-06,
    4.887877429118239e-06,
    4.6083350343175664e-06,
    4.371850478878117e-06,
    4.1683958773857125e-06,
    3.990935208868846e-06,
    3.834366521711328e-06,
    3.6948880332607427e-06,
    3.569600968331224e-06,
    3.456251275738175e-06,
    3.3530562537751255e-06,
    3.2585849527454924e-06,
    3.171673691458155e-06,
    3.0913651199483715e-06,
    3.0168634460681667e-06,
    2.9475009915694857e-06,
    2.8827128383782507e-06,
    2.8220173494673114e-06,
    2.76500102059054e-06,
    2.7113065690567556e-06,
    2.6606234725792304e-06,
    2.612680384043697e-06,
    2.5672389978922692e-06,
    2.5240890508370752e-06,
    2.483044217037524e-06,
    2.4439387145591193e-06,
    2.406624481897567e-06,
    2.3709688147443526e-06,
    2.3368523768807856e-06,
    2.3041675171587832e-06,
    2.2728168384168206e-06,
    2.242711974941031e-06,
    2.2137725434817245e-06,
    2.1859252394390585e-06,
    2.1591030550572988e-06,
    2.1332446006286168e-06,
    2.108293513041251e-06,
    2.0841979386928562e-06,
    2.060910079965581e-06,
    2.038385796230781e-06,
    2.0165842518005444e-06,
    1.995467604434423e-06,
    1.975000728993243e-06,
    1.9551509716472954e-06,
    1.935887930725027e-06,
    1.917183260855664e-06,
    1.8990104975350866e-06,
    1.881344899644874e-06,
    1.864163307792866e-06,
    1.8474440166303713e-06,
    1.83116665954502e-06,
    1.8153121043361803e-06,
    1.7998623586577447e-06,
    1.784800484165612e-06,
    1.7701105184384292e-06,
    1.7557774038532748e-06,
    1.7417869226957984e-06,
    1.7281256378690875e-06,
    1.7147808386391908e-06,
    1.7017404909193313e-06,
    1.6889931916508155e-06,
    1.6765281268875628e-06,
    1.6643350332340733e-06,
    1.652404162324305e-06,
    1.6407262480620688e-06,
    1.6292924763727462e-06,
    1.6180944572419432e-06,
    1.6071241988395036e-06,
    1.5963740835475382e-06,
    1.5858368457290775e-06,
    1.575505551089926e-06,
    1.5653735775005184e-06,
    1.555434597157262e-06,
    1.5456825599741857e-06,
    1.5361116781058556e-06,
    1.526716411511608e-06,
    1.5174914544792961e-06,
    1.5084317230340834e-06,
    1.4995323431643933e-06,
    1.4907886398030772e-06,
    1.4821961265072068e-06,
    1.4737504957847429e-06,
    1.465447610020697e-06,
    1.4572834929593724e-06,
    1.4492543217028455e-06,
    1.4413564191891254e-06,
    1.433586247116358e-06,
    1.4259403992821652e-06,
    1.4184155953096257e-06,
    1.4110086747336557e-06,
    1.403716591423574e-06,
    1.396536408319497e-06,
    1.389465292461904e-06,
    1.38250051029527e-06
  ],