{
  "R": 1e-05,
  "m_p": 40.53667940115863,
  "n_photon": 1000,
  "T_sec": 1.0,
  "N_vals": [
    1,
    2,
    3,
    4,
    5,
    6,
    7,
    8,
    9,
    10,
    11,
    12,
    13,
    14,
    15,
    16,
    17,
    18,
    19,
    20,
    21,
    22,
    23,
    24,
    25,
    26,
    27,
    28,
    29,
    30,
    31,
    32,
    33,
    34,
    35,
    36,
    37,
    38,
    39,
    40,
    41,
    42,
    43,
    44,
    45,
    46,
    47,
    48,
    49,
    50,
    51,
    52,
    53,
    54,
    55,
    56,
    57,
    58,
    59,
    60,
    61,
    62,
    63,
    64,
    65,
    66,
    67,
    68,
    69,
    70,
    71,
    72,
    73,
    74,
    75,
    76,
    77,
    78,
    79,
    80,
    81,
    82,
    83,
    84,
    85,
    86,
    87,
    88,
    89,
    90,
    91,
    92,
    93,
    94,
    95,
    96,
    97,
    98,
    99,
    100
  ],
  "sig_A_SQL": [
    0.0003900513938097745,
    0.00027580798557415607,
    0.00022519627721386202,
    0.00019502569690488724,
    0.00017443628625543926,
    0.00015923781471588743,
    0.00014742556950782595,
    0.00013790399278707804,
    0.00013001713126992482,
    0.00012334508089621886,
    0.00011760492020201588,
    0.00011259813860693101,
    0.000108180792342103,
    0.00010424561991927244,
    0.00010071083682601648,
    9.751284845244362e-05,
    9.46013585939465e-05,
    9.193599519138535e-05,
    8.948392675810489e-05,
    8.721814312771963e-05,
    8.51161922407772e-05,
    8.315923657574823e-05,
    8.133133783239042e-05,
    7.961890735794371e-05,
    7.801027876195489e-05,
    7.649537185923476e-05,
    7.5065425737954e-05,
    7.371278475391298e-05,
    7.24307254799365e-05,
    7.121331565864813e-05,
    7.005529839116907e-05,
    6.895199639353902e-05,
    6.789923233665833e-05,
    6.689326217123985e-05,
    6.593071900822381e-05,
    6.500856563496241e-05,
    6.412405413937003e-05,
    6.327469141785632e-05,
    6.245820957986017e-05,
    6.167254044810943e-05,
    6.091579350116663e-05,
    6.018623672223135e-05,
    5.9482279912230375e-05,
    5.880246010100794e-05,
    5.8145428751813085e-05,
    5.750994050425727e-05,
    5.689484324180467e-05,
    5.6299069303465504e-05,
    5.572162768711064e-05,
    5.516159711483121e-05,
    5.461811984991933e-05,
    5.40903961710515e-05,
    5.3577679422682806e-05,
    5.307927157196248e-05,
    5.259451921202916e-05,
    5.212280995963622e-05,
    5.1663569201936625e-05,
    5.121625715312435e-05,
    5.0780366186647e-05,
    5.035541841300824e-05,
    4.9940963476880824e-05,
    4.953657655044268e-05,
    4.9141856502608654e-05,
    4.875642422622181e-05,
    4.83799211073462e-05,
    4.801200762261201e-05,
    4.7652362052142536e-05,
    4.730067929697325e-05,
    4.695666979108301e-05,
    4.662005849921986e-05,
    4.629058399263878e-05,
    4.5967997595692674e-05,
    4.56520625969457e-05,
    4.534255351912185e-05,
    4.5039255442772403e-05,
    4.4741963379052446e-05,
    4.4450481687447155e-05,
    4.4164623534689714e-05,
    4.38842103914709e-05,
    4.3609071563859814e-05,
    4.333904375664161e-05,
    4.3073970666034345e-05,
    4.281370259947718e-05,
    4.25580961203886e-05,
    4.2307013715979666e-05,
    4.206032348637445e-05,
    4.1817898853441225e-05,
    4.1579618287874115e-05,
    4.134536505318868e-05,
    4.111502696540629e-05,
    4.0888496167303606e-05,
    4.066566891619521e-05,
    4.044644538430101e-05,
    4.02307294708257e-05,
    4.0018428624946986e-05,
    3.9809453678971856e-05,
    3.960371869097775e-05,
    3.940114079630801e-05,
    3.920164006733863e-05,
    3.9005139380977446e-05
  ],
  "sig_A_sq_S099": [
    2.76500102059054e-05,
    1.9551509716472954e-05,
    1.5963740835475383e-05,
    1.38250051029527e-05,
    1.2365460479793486e-05,
    1.1288069397869246e-05,
    1.0450721536174789e-05,
    9.775754858236477e-06,
    9.216670068635133e-06,
    8.743700957756234e-06,
    8.336791754771425e-06,
    7.981870417737691e-06,
    7.668733043422656e-06,
    7.389776066521485e-06,
    7.139201936662448e-06,
    6.91250255147635e-06,
    6.706112507550251e-06,
    6.517169905490985e-06,
    6.34334738291631e-06,
    6.182730239896743e-06,
    6.033726892136333e-06,
    5.895001983138971e-06,
    5.7654256767565015e-06,
    5.644034698934623e-06,
    5.53000204118108e-06,
    5.422613138113511e-06,
    5.321246945158461e-06,
    5.225360768087394e-06,
    5.1344779957845385e-06,
    5.0481781016741504e-06,
    4.966088434075048e-06,
    4.887877429118239e-06,
    4.813248963795134e-06,
    4.741937629488705e-06,
    4.673704753761571e-06,
    4.6083350343175664e-06,
    4.545633676833641e-06,
    4.485423949882062e-06,
    4.427545086963449e-06,
    4.371850478878117e-06,
    4.3182061101145976e-06,
    4.2664892012572336e-06,
    4.216587026082502e-06,
    4.1683958773857125e-06,
    4.121820159931162e-06,
    4.076771592461562e-06,
    4.033168503601089e-06,
    3.990935208868846e-06,
    3.950001457986486e-06,
    3.910301943294591e-06,
    3.871775861450054e-06,
    3.834366521711328e-06,
    3.7980209950701732e-06,
    3.762689799289748e-06,
    3.728326615585732e-06,
    3.6948880332607427e-06,
    3.66233331909004e-06,
    3.6306242086723605e-06,
    3.5997247173154895e-06,
    3.569600968331224e-06,
    3.5402210368768583e-06,
    3.5115548077065496e-06,
    3.4835738453915968e-06,
    3.456251275738175e-06,
    3.4295616772783816e-06,
    3.4034809818386626e-06,
    3.377986383301631e-06,
    3.3530562537751255e-06,
    3.3286700664681467e-06,
    3.30480832464861e-06,
    3.2814524961241376e-06,
    3.2585849527454924e-06,
    3.2361889144838865e-06,
    3.2142483976790072e-06,
    3.1927481670950763e-06,
    3.171673691458155e-06,
    3.151011102179852e-06,
    3.1307471550010368e-06,
    3.110869194314524e-06,
    3.0913651199483715e-06,
    3.0722233562117112e-06,
    3.053432823023216e-06,
    3.0349829089585923e-06,
    3.0168634460681667e-06,
    2.9990646863287867e-06,
    2.9815772796061544e-06,
    2.9643922530144136e-06,
    2.9475009915694857e-06,
    2.930895220041394e-06,
    2.914566985918745e-06,
    2.898508643405691e-06,
    2.8827128383782507e-06,
    2.867172494232716e-06,
    2.8518807985643304e-06,
    2.8368311906192513e-06,
    2.8220173494673114e-06,
    2.807433182847148e-06,
    2.793072816638994e-06,
    2.778930584923808e-06,
    2.76500102059054e-06
  ],