{
  "g3_over_kappa": [
    0.01,
    0.013203517797162948,
    0.017433288221999882,
    0.023018073130224664,
    0.03039195382313198,
    0.040128070319427764,
    0.05298316906283707,
    0.0699564215671263,
    0.09236708571873865,
    0.12195704601594415,
    0.16102620275609392,
    0.21261123338996565,
    0.2807216203941177,
    0.3706512910922156,
    0.4893900918477494,
    0.6461670787466972,
    0.853167852417281,
    1.1264816923358867,
    1.4873521072935119,
    1.9638280019297698,
    2.592943797404667,
    3.4235979576075835,
    4.520353656360245,
    5.9684569951223105,
    7.880462815669913,
    10.404983103657854,
    13.738237958832638,
    18.139306939110632,
    23.95026619987486,
    31.622776601683793
  ],
  "qutip_n": [
    0.9976273082195194,
    0.9958978579863502,
    0.9929488997947947,
    0.9879942886673809,
    0.979859695169706,
    0.9669501181020739,
    0.947392745615655,
    0.9194422503873726,
    0.8820760095988608,
    0.8354956873513419,
    0.7812268119175927,
    0.7217519829794964,
    0.6598892690143138,
    0.5982371889556696,
    0.5390895259099433,
    0.48496637425692857,
    0.43877974175054013,
    0.4026986285970609,
    0.37691480807698907,
    0.3598098771191808,
    0.3490605108753637,
    0.34254385028864587,
    0.3386812257987574,
    0.33642268721399055,
    0.3351126711514767,
    0.33435638727698125,
    0.33392096520742753,
    0.33367066933309075,
    0.3335269205337769,
    0.3334444062648
  ],
  "qutip_g2": [
    0.9980319356117261,
    0.9966085605157632,
    0.9942018625238417,
    0.9902116063760961,
    0.9837879247663116,
    0.9738623149531392,
    0.9592998821364296,
    0.9391451708522597,
    0.9128195261833516,
    0.8801224636346825,
    0.8410441793737855,
    0.7955375677160388,
    0.7433557818119876,
    0.6837690333114005,
    0.6147653601301134,
    0.5328791301265579,
    0.4367906449070528,
    0.3330544708640156,
    0.2352709693585467,
    0.15540376796693733,
    0.09754720535661676,
    0.05913203124053446,
    0.03505597609321436,
    0.020501761327172605,
    0.01189327578903764,
    0.006866718479721581,
    0.003953657109080593,
    0.002272775863098469,
    0.001305315636450235,
    0.0007492819003270284
  ],
  "keldysh_mf_n": [
    0.9984076312057731,
    0.9972337577660493,
    0.9952068755352333,
    0.9917312491255968,
    0.9858402101407069,
    0.9760434647324302,
    0.9602327640577597,
    0.9358258325748342,
    0.900365283659808,
    0.8525391415671586,
    0.7930635337520189,
    0.7247115634520612,
    0.651434631739135,
    0.5772319674484595,
    0.5170707637054327,
    0.8167188599543487,
    0.9051370296051647,
    0.9480481083567511,
    0.9709010401854603,
    0.9835225964380785,
    0.9906159896797244,
    0.99463896017438,
    0.9969318986802433,
    0.9982424007172983,
    0.9989925713202297,
    0.9994223720602211,
    0.9996687454637895,
    0.9998100141939991,
    0.9998910300741677,
    0.9999374960932617
  ],
  "keldysh_oneloop_g2": [
    0.9992012738950355,
    0.9986091949180925,
    0.9975802974875406,
    0.9957963948450151,
    0.9927152650243948,
    0.9874265141719479,
    0.9784353522014646,
    0.963361288787409,
    0.9385469827639625,
    0.8985579288992408,
    0.8354904663369842,
    0.7379237947471174,
    0.5893114886186506,
    0.36558798989877184,
    0.05360317461939901,
    0.38779422820240994,
    0.44759745359428293,
    0.4726006037112943,
    0.4850144563605673,
    0.49162327148273166,
    0.49526354792470606,
    0.4973050322577952,
    0.4984612282324308,
    0.4991196530615015,
    0.49949577769210096,
    0.49971101910667237,
    0.4998343178489306,
    0.4999049890462668,
    0.4999455090992144,
    0.49996874609313957
  ],
  "keldysh_blockade_g2": [
    0.9996001599360256,
    0.9993031544035251,
    0.9987857979260093,
    0.9978851552844906,
    0.9963189170075825,
    0.9936001734802671,
    0.9888958224923587,
    0.9808002431566902,
    0.9669994850423134,
    0.9438467045981559,
    0.9060287363159651,
    0.846873323098339,
    0.7603299302735392,
    0.6453571798120414,
    0.5107224524156707,
    0.3745139406459846,
    0.25565106859955306,
    0.16458618718887685,
    0.10153454061150424,
    0.06087730892088901,
    0.03585073598929525,
    0.020883762441614374,
    0.012086872406267341,
    0.0069691308671091,
    0.004009514147948822,
    0.0023038571287461005,
    0.0013228270373568962,
    0.0007592219895870727,
    0.0004356423385887387,
    0.00024993751562109475
  ]
}