{
  "kappa": 1.0,
  "U": 0.12,
  "eps": 3.5,
  "dt": 0.003,
  "T_total": 80.0,
  "N_traj": 1500,
  "Delta": [
    0.3,
    0.48,
    0.66,
    0.8400000000000001,
    1.02,
    1.2000000000000002,
    1.3800000000000001,
    1.5600000000000003,
    1.7400000000000002,
    1.9200000000000002,
    2.1,
    2.2800000000000002,
    2.46,
    2.64,
    2.8200000000000003,
    3.0
  ],
  "dDelta": 0.02,
  "n_mean": [
    10.484806923556647,
    11.516303812791518,
    12.58645047745589,
    13.690764544298323,
    14.826328261824044,
    15.98741080525274,
    17.15900784471307,
    18.359255353061315,
    19.55967854266384,
    20.755500431937453,
    21.328886593071815,
    8.207617227920961,
    2.922139398497438,
    2.0803101775528927,
    1.732067369639855,
    1.4929465854813913
  ],
  "n_var": [
    10.378275685157305,
    11.394090812320712,
    12.428866703275787,
    13.449330077525616,
    14.75706092232437,
    15.803384418212232,
    17.25726956600795,
    18.169029204124968,
    18.76310938655064,
    20.529685643788582,
    32.061872347060614,
    82.8934826430621,
    12.38852643178972,
    2.839858743719117,
    1.7369281139693387,
    1.4951830422097099
  ],
  "F_PNR": [
    3.0371783319928793,
    2.995716842783883,
    2.92600951309641,
    2.90956784347919,
    2.744176875215924,
    2.6224859002848175,
    2.4929430485485957,
    2.326303308379167,
    2.4950090472694626,
    2.490266341571525,
    8.461168857300416,
    66.8128236027588,
    8.010809904988115,
    1.4590600919948973,
    1.3149581582253929,
    0.9144777128713169
  ],
  "F_QFI_gauss": [
    3.9149855186408904,
    3.987165487513786,
    3.933189039112939,
    3.0434940848808605,
    3.781309161720859,
    8.110518023438527,
    3.20252715721931,
    -1.4055382726948273,
    -1.558525422487037,
    -1.8586423558019356,
    20.19941799852328,
    55.84429573627817,
    3.113349491603362,
    1.9991198054074237,
    1.3619434615589956,
    0.9430465549070506
  ],
  "F_gauss_lin": [
    3.0053973074217164,
    2.9626617598579466,
    2.90193914407694,
    2.828469383249514,
    2.746584853060319,
    2.659715858159835,
    2.57048356842347,
    2.480828084241358,
    2.3921403490384847,
    2.3053819182031474,
    2.221186232546775,
    2.139940431721228,
    2.061849359895403,
    1.986984405307822,
    1.9153199358912443,
    1.84675979906992
  ],
  "branches": {
    "0.3": [
      10.485552073985103
    ],
    "0.48": [
      11.516899252642887
    ],
    "0.66": [
      12.586922363098713
    ],
    "0.8400000000000001": [
      13.691262921029047
    ],
    "1.02": [
      14.825949587530168
    ],
    "1.2000000000000002": [
      15.987415423208851
    ],
    "1.3800000000000001": [
      17.172487031166703
    ],
    "1.5600000000000003": [
      18.37835735108767
    ],
    "1.7400000000000002": [
      19.60255033084629
    ],
    "1.9200000000000002": [
      20.84288280244435
    ],
    "2.1": [
      4.684465941954888,
      8.218107310988971,
      22.097426747056147
    ],
    "2.2800000000000002": [
      3.1777249585932426,
      11.45780138305663,
      23.364473658350146
    ],
    "2.46": [
      2.4892407617256307,
      13.86825749068245,
      24.642501747591915
    ],
    "2.64": [
      2.047599473747804,
      16.022254400717877,
      25.930146125534325
    ],
    "2.8200000000000003": [
      1.7318173032690467,
      18.04201097703212,
      27.226171719698872
    ],
    "3.0": [
      1.492547361554009,
      19.978004192157464,
      28.529448446288555
    ]
  }
}