{
  "kappa": 1.0,
  "U": 0.15,
  "epsilon": 1.3,
  "N_fock": 60,
  "Delta": [
    0.2,
    0.25,
    0.30000000000000004,
    0.35000000000000003,
    0.4,
    0.45,
    0.5,
    0.55,
    0.6000000000000001,
    0.65,
    0.7,
    0.75,
    0.8,
    0.8500000000000001,
    0.9000000000000001,
    0.95,
    1.0,
    1.05,
    1.1,
    1.1500000000000001,
    1.2,
    1.25,
    1.3,
    1.35,
    1.4000000000000001,
    1.45,
    1.5
  ],
  "n_mean": [
    4.098720247838014,
    4.272894671568014,
    4.446854443864385,
    4.61957503860882,
    4.789789390511948,
    4.9558762694877405,
    5.11568238776957,
    5.2662309826696445,
    5.40323136431161,
    5.520234946712654,
    5.607168464111434,
    5.647829142032717,
    5.6159435036060925,
    5.470456680248306,
    5.155419375165999,
    4.620757956023798,
    3.8813351328643417,
    3.069482430950038,
    2.366347064233487,
    1.860680131798503,
    1.5282103738726927,
    1.3081477757603093,
    1.1529589641681959,
    1.0352623262250955,
    0.9408004695441733,
    0.8620778023611898,
    0.7948537380794549
  ],
  "n_var": [
    3.033745376306488,
    3.1573698224123703,
    3.2858836011702905,
    3.4202672496330493,
    3.561939764971399,
    3.71299491840913,
    3.876591375479091,
    4.057608301538959,
    4.263755935118276,
    4.50743150865814,
    4.8086282264736475,
    5.198610480318408,
    5.7209001333931795,
    6.415033713292743,
    7.244453531880332,
    7.934474912602244,
    7.901317054012347,
    6.757932167649843,
    4.983726504579403,
    3.4140503918819753,
    2.3844822329729443,
    1.7901405600771048,
    1.4465749150463894,
    1.2312327061862551,
    1.0816689231916445,
    0.968650475352429,
    0.8782607593738921
  ],
  "FI_cl": [
    4.018857219025854,
    3.880782154973609,
    3.7113177000985416,
    3.5077196670632746,
    3.2667253510312437,
    2.9850371508952107,
    2.660845178765371,
    2.2978936832381622,
    1.915552530233509,
    1.572426908124128,
    1.4184136336584015,
    1.7993006853219229,
    3.4312230829990322,
    7.56014567918897,
    15.624985584569067,
    27.334034875956238,
    37.59698670705448,
    38.84154006348135,
    30.640970889536753,
    20.04572327149505,
    12.149654475609424,
    7.507152846394894,
    4.983578662753126,
    3.5789361648907807,
    2.732911146648891,
    2.175680590393385,
    1.7808052986733285
  ],
  "FI_Q": [
    10.576860340734129,
    11.009435382698385,
    11.464395622517998,
    11.953970850369089,
    12.494785001821995,
    13.11064611962287,
    13.838006419009119,
    14.731478911533813,
    15.879863592029864,
    17.428636478493686,
    19.6235816921142,
    22.880349541489764,
    27.867487009221037,
    35.476936596632314,
    46.22134964927582,
    58.24051296555055,
    65.05958398207667,
    59.61479310585993,
    44.0759971943816,
    27.79257788076528,
    16.37106169107838,
    9.808835822537887,
    6.297324506698843,
    4.383842030630802,
    3.262124034941749,
    2.545213767399801,
    2.05006709966149
  ],
  "FI_gauss": [
    3.241015336600186,
    3.1899034062121285,
    3.1280859166728137,
    3.0556032634295422,
    2.972284614193438,
    2.877677636954253,
    2.7709560014692878,
    2.650790676728975,
    2.5151625165502827,
    2.3610788643833907,
    2.1841310377439527,
    1.9777850711725502,
    1.7322309574405508,
    1.4325819209992903,
    1.0567712966443905,
    0.5796298724250722,
    0.062080268137001716,
    1.9054429362445886,
    20.59890828691655,
    11.724810735838306,
    7.741826148877454,
    5.540845477664668,
    4.173134157554323,
    3.256279370705692,
    2.608109634089291,
    2.1314817101682673,
    1.7701843714289418
  ],
  "branches": {
    "0.2": [
      4.055449974164427
    ],
    "0.25": [
      4.238040590785923
    ],
    "0.30000000000000004": [
      4.4229882261865345
    ],
    "0.35000000000000003": [
      4.6098467340852824
    ],
    "0.4": [
      4.798129964033568
    ],
    "0.45": [
      4.987300490354896
    ],
    "0.5": [
      5.176753346673545
    ],
    "0.55": [
      5.365792439461313
    ],
    "0.6000000000000001": [
      5.55359578614534
    ],
    "0.65": [
      5.739162933874352
    ],
    "0.7": [
      5.921232545997789
    ],
    "0.75": [
      6.09814712133746
    ],
    "0.8": [
      6.267617307182901
    ],
    "0.8500000000000001": [
      6.426277979130747
    ],
    "0.9000000000000001": [
      6.568758638782986
    ],
    "0.95": [
      6.685414256755429
    ],
    "1.0": [
      6.755231266421577
    ],
    "1.05": [
      2.1983644117011276,
      5.092835612525809,
      6.708799975773066
    ],
    "1.1": [
      1.799959242605165
    ],
    "1.1500000000000001": [
      1.5465470107395616
    ],
    "1.2": [
      1.3610273740378815
    ],
    "1.25": [
      1.2160399599489196
    ],
    "1.3": [
      1.0982413274451794
    ],
    "1.35": [
      1.0000000000000004
    ],
    "1.4000000000000001": [
      0.9165013810714284
    ],
    "1.45": [
      0.8444975044051868
    ],
    "1.5": [
      0.781687655543088
    ]
  }
}