{
  "eps": [
    0.00031622776601683794,
    0.00040046457318361267,
    0.0005071403956558131,
    0.0006422325422229357,
    0.0008133105582266928,
    0.0010299603658099898,
    0.0013043213867190053,
    0.0016517667439704582,
    0.002091764655756995,
    0.0026489692876105267,
    0.0033546021859540433,
    0.004248201698162612,
    0.005379838403443687,
    0.006812920690579608,
    0.008627747685955875,
    0.01092600861117378,
    0.013836480680324595,
    0.017522244804127837,
    0.022189823414589707,
    0.028100752424979166,
    0.035586235730509654,
    0.04506570337745473,
    0.05707031326057167,
    0.0722727132067618,
    0.09152473108773893,
    0.11590510483144816,
    0.1467799267622069,
    0.18587918911465637,
    0.23539371975499881,
    0.29809793965647274,
    0.3775053205324392,
    0.47806525330073807,
    0.6054123584037269,
    0.7666822074546215,
    0.9709111468707553,
    1.2295426265956215,
    1.55706840475373,
    1.971840556512642,
    2.4970997860065407,
    3.1622776601683795
  ],
  "K": [
    396.03486553497265,
    312.887673322877,
    247.2303228773475,
    195.38387129855232,
    154.44323431932614,
    122.11440728038887,
    96.58592639569564,
    76.42736796448808,
    60.50919818766933,
    47.939482571139685,
    38.01390857979407,
    30.1763211750512,
    23.987559923971038,
    19.100851513686592,
    15.242378802420864,
    12.195937565466476,
    9.790821098264564,
    7.892253646286719,
    6.393836369068215,
    5.2115822084021906,
    4.279204933572844,
    3.544397775934661,
    2.965892409250922,
    2.51113275639938,
    2.1544327773796357,
    1.8755151177384888,
    1.6583499665687325,
    1.490231961475977,
    1.361048237158757,
    1.2627028917182435,
    1.1886718822117246,
    1.133667248216427,
    1.0933908696725907,
    1.0643571735595394,
    1.0437637059179756,
    1.0293903770323511,
    1.0195129796345974,
    1.0128229446858847,
    1.008351085252762,
    1.0053967058781512
  ],
  "splitting_no_pert": [
    0.025156620043911105,
    0.028312022779460398,
    0.0318639224960652,
    0.03586244463221998,
    0.040364179822089064,
    0.0454330717103802,
    0.051141448850784005,
    0.057571232585787654,
    0.06481536260034573,
    0.07297949525975049,
    0.08218404830143215,
    0.0925666909152435,
    0.10428541341854142,
    0.11752235929602352,
    0.1324886692983282,
    0.1494306791761093,
    0.1686379380540369,
    0.19045368429137496,
    0.215288643179017,
    0.2436393112725413,
    0.27611228178929126,
    0.3134566592665219,
    0.35660721970226916,
    0.40674169531852894,
    0.46535638792027934,
    0.5343652149671163,
    0.6162282378516009,
    0.7141167061573348,
    0.8321227389696649,
    0.9755231446883672,
    1.1511089041381262,
    1.3675949883848917,
    1.6361299494964645,
    1.9709314660381292,
    2.3900828676456083,
    2.9165365651151847,
    3.5793833097108734,
    4.415461678494971,
    5.471401003135187,
    6.806214463292849
  ],
  "splitting_with_pert": [
    0.3171178003507926,
    0.3171461459562839,
    0.3171826854817988,
    0.31722999018561693,
    0.31729155103642226,
    0.31737216556820047,
    0.31747851342972033,
    0.31762002239808473,
    0.3178101843119958,
    0.3180685708745251,
    0.31842394005382557,
    0.3189190393257836,
    0.31961803235710035,
    0.32061792653481347,
    0.3220659469542633,
    0.32418534623788015,
    0.32731219241854836,
    0.3319441294690837,
    0.33879701129401396,
    0.3488548905338262,
    0.36338574582124517,
    0.3838935053962015,
    0.41200796876578993,
    0.4493746232052871,
    0.49763908766156245,
    0.5585746888888484,
    0.634320047806873,
    0.7276616202287853,
    0.8423245881683548,
    0.9832755701794059,
    1.157061642289825,
    1.3722147434298513,
    1.6397504180754596,
    1.9737919015904049,
    2.3923565353235503,
    2.918351012598318,
    3.580834375830895,
    4.416622936134837,
    5.472330025005294,
    6.806956972908977
  ],
  "K_eps_slope": -0.9609137372051727
}