{
  "results": [
    {
      "n_cells": 4,
      "resolution": 16,
      "run_time": 4673,
      "freq": 0.2690626625314666,
      "Q": 228.99080656326277,
      "decay": -0.0005874966479432293,
      "wall": 446.65947127342224
    },
    {
      "n_cells": 5,
      "resolution": 16,
      "run_time": 8000,
      "freq": 0.2682258730796388,
      "Q": 254.12231631715792,
      "decay": -0.0005277495439339513,
      "wall": 1036.2470643520355
    },
    {
      "n_cells": 6,
      "resolution": 16,
      "run_time": 8000,
      "freq": 0.26822325186250057,
      "Q": 265.88211938558396,
      "decay": -0.0005044025760030924,
      "wall": 1381.857204914093
    }
  ],
  "Q_extrapolation_slope": 0.032435542571410826,
  "Q_extrapolation_intercept": 2.2343389484769185
}