{
  "g3_over_kappa": [
    0.1,
    0.1333521432163324,
    0.1778279410038923,
    0.23713737056616552,
    0.31622776601683794,
    0.4216965034285822,
    0.5623413251903491,
    0.7498942093324558,
    1.0,
    1.333521432163324,
    1.7782794100389228,
    2.371373705661655,
    3.1622776601683795,
    4.216965034285822,
    5.62341325190349,
    7.498942093324558,
    10.0,
    13.33521432163324,
    17.78279410038923,
    23.71373705661655,
    31.622776601683793,
    42.169650342858226,
    56.23413251903491,
    74.98942093324558,
    100.0
  ],
  "n_avg": [
    0.8696641089684526,
    0.8187852847778786,
    0.7604376227034271,
    0.6975806603239791,
    0.6333042419906552,
    0.5703242533208962,
    0.5112196222283214,
    0.4590615373964249,
    0.41686139017040863,
    0.3858909764206935,
    0.36506629938091134,
    0.35196192993064346,
    0.34407673498313185,
    0.3394633630163445,
    0.3368092428879895,
    0.33529720383071404,
    0.33444063973892524,
    0.33395695183913415,
    0.3336843160406903,
    0.3335307992361549,
    0.33344440626479876,
    0.33339580362727295,
    0.333368465932803,
    0.3333530907857259,
    0.33334444406250746
  ],
  "g2": [
    0.9041295420260418,
    0.8682571898503948,
    0.8255369488001448,
    0.7758576504904182,
    0.7188014835493353,
    0.6530957586340898,
    0.575640427143122,
    0.48297868296661606,
    0.3776528171509566,
    0.27206591742737946,
    0.1814327607479866,
    0.11381167881593343,
    0.06841117703168312,
    0.040013018103607086,
    0.023018353724546237,
    0.01311340907615896,
    0.007428769834594115,
    0.0041949461694585355,
    0.0023645412562391067,
    0.0013314403217172255,
    0.0007492819002814308,
    0.00042152881982326,
    0.00023709897007279665,
    0.00013334823155911345,
    7.499281262990619e-05
  ],
  "P0_plus_P1": [
    0.7848186909514303,
    0.8053372855147825,
    0.829376200907421,
    0.8555562116590533,
    0.8822648311921344,
    0.9080458465708221,
    0.9317071465569646,
    0.9521340547418145,
    0.9683860918467548,
    0.9801828232471602,
    0.9880623903226741,
    0.9930016098923607,
    0.9959670781344959,
    0.9976999014589603,
    0.9986961061939854,
    0.999263412439293,
    0.9995847168962501,
    0.9997661293709934,
    0.9998683771508408,
    0.9999259489150587,
    0.9999583472168756,
    0.9999765735025541,
    0.9999868252318024,
    0.9999925909416314,
    0.9999958334722183
  ],
  "blockade_slope": -1.9808749960657814
}