{
  "kappa": 1.0,
  "Delta": -0.5,
  "U": 5.0,
  "eps": 2.0,
  "J": 1.0,
  "dPhi": 0.05,
  "Phi_vals": [
    0.5,
    1.5,
    2.5,
    3.5,
    4.5
  ],
  "results": {
    "ED_N2_F4": {
      "method": "ED",
      "N_sites": 2,
      "N_fock": 4,
      "wall": 0.27484822273254395,
      "F_cl": [
        0.0040696049313947566,
        0.03534660810571627,
        0.07329141495053848,
        0.04621730355136859,
        0.01477191658201775
      ],
      "F_Q": [
        0.008160028658910077,
        0.05851018932574446,
        0.13535792965759794,
        0.1869555289398583,
        0.1444064303765202
      ]
    },
    "ED_N3_F3": {
      "method": "ED",
      "N_sites": 3,
      "N_fock": 3,
      "wall": 1.0268425941467285,
      "F_cl": [
        0.0003310328884174756,
        0.0031772767793965826,
        0.008162291207459298,
        0.013363399413047202,
        0.016292590395886934
      ],
      "F_Q": [
        0.01630921736177626,
        0.02440473407094856,
        0.03685119470722142,
        0.05861304878109762,
        0.06730225503144281
      ]
    },
    "ED_N4_F2": {
      "method": "ED",
      "N_sites": 4,
      "N_fock": 2,
      "wall": 0.279815673828125,
      "F_cl": [
        0.00010851625536554459,
        0.0006421982250315153,
        0.0010711292619368946,
        0.0011286573635956561,
        0.0007351739240214379
      ],
      "F_Q": [
        0.008848375517711558,
        0.008724740144039343,
        0.007946589879814779,
        0.006297309083791446,
        0.004673916927977472
      ]
    },
    "MCWF_N3_F3": {
      "method": "MCWF",
      "N_sites": 3,
      "N_fock": 3,
      "N_traj": 500,
      "T_eq": 15.0,
      "wall": 26.80405879020691,
      "F_mcwf": [
        1.2278690765466514e-12,
        2.5634595609769256e-12,
        3.4511358570529605e-12,
        2.5283784782942824e-12,
        9.092117355411855e-13
      ]
    },
    "MCWF_N4_F2": {
      "method": "MCWF",
      "N_sites": 4,
      "N_fock": 2,
      "N_traj": 500,
      "T_eq": 15.0,
      "wall": 20.76032328605652,
      "F_mcwf": [
        1.2036892487321654e-09,
        6.1388603870654146e-09,
        5.146652551566737e-10,
        4.09144566794781e-09,
        7.111667886144096e-10
      ]
    },
    "MCWF_N5_F2": {
      "method": "MCWF",
      "N_sites": 5,
      "N_fock": 2,
      "N_traj": 400,
      "T_eq": 15.0,
      "wall": 24.62019371986389,
      "F_mcwf": [
        1.0587067994565401e-10,
        9.240489415049381e-11,
        9.27178654310718e-10,
        3.037906985943008e-10,
        1.435146235222027e-10
      ]
    },
    "MCWF_N6_F2": {
      "method": "MCWF",
      "N_sites": 6,
      "N_fock": 2,
      "N_traj": 300,
      "T_eq": 15.0,
      "wall": 29.665352821350098,
      "F_mcwf": [
        4.062942113621327e-11,
        6.54160296255013e-11,
        2.5582161077194476e-11,
        2.6602851963904273e-11,
        5.381711324780818e-11
      ]
    },
    "MCWF_N7_F2": {
      "method": "MCWF",
      "N_sites": 7,
      "N_fock": 2,
      "N_traj": 200,
      "T_eq": 15.0,
      "wall": 36.36623477935791,
      "F_mcwf": [
        1.3177024328091262e-11,
        5.4270853562965394e-12,
        3.59376956649468e-12,
        5.4828867436898044e-11,
        5.40929002066962e-11
      ]
    }
  }
}