{
  "S_vals": [
    0.0,
    0.049999999999999996,
    0.09999999999999999,
    0.15,
    0.19999999999999998,
    0.24999999999999997,
    0.3,
    0.35,
    0.39999999999999997,
    0.44999999999999996,
    0.49999999999999994,
    0.5499999999999999,
    0.6,
    0.6499999999999999,
    0.7,
    0.7499999999999999,
    0.7999999999999999,
    0.85,
    0.8999999999999999,
    0.95
  ],
  "qutip_squeezed": [
    0.4999999999999998,
    0.4761904761904824,
    0.45454545454543593,
    0.4347826086956584,
    0.41666666666666197,
    0.3999999999999831,
    0.3846153846154132,
    0.3703703703715677,
    0.3571428571742502,
    0.3448275867857209,
    0.333333341499379,
    0.3225807382363925,
    0.31250089053167596,
    0.3030376464666548,
    0.29417069232426996,
    0.28605195864573535,
    0.2796586944165502,
    0.2792002856046615,
    0.2975011334627646,
    0.35703227737645127
  ],
  "qutip_antisqueezed": [
    0.4999999999999998,
    0.526315789473691,
    0.5555555555555352,
    0.5882352941176573,
    0.6249999999999728,
    0.6666666666666444,
    0.7142857142856354,
    0.769230769226789,
    0.8333333332244264,
    0.90909090693368,
    0.9999999667418351,
    1.111110690041539,
    1.249995448329007,
    1.4285282044097736,
    1.6662986689409824,
    1.9971545324501228,
    2.4799148957826187,
    3.204288089053664,
    4.2437610581622005,
    5.495240133491268
  ],
  "keldysh_squeezed": [
    0.5,
    0.47619047619047616,
    0.45454545454545453,
    0.4347826086956522,
    0.4166666666666667,
    0.4,
    0.3846153846153846,
    0.37037037037037035,
    0.35714285714285715,
    0.3448275862068966,
    0.3333333333333333,
    0.32258064516129037,
    0.3125,
    0.30303030303030304,
    0.29411764705882354,
    0.2857142857142857,
    0.2777777777777778,
    0.27027027027027023,
    0.2631578947368421,
    0.25641025641025644
  ],
  "keldysh_antisqueezed": [
    0.5,
    0.5263157894736842,
    0.5555555555555556,
    0.5882352941176471,
    0.625,
    0.6666666666666666,
    0.7142857142857143,
    0.7692307692307692,
    0.8333333333333333,
    0.9090909090909091,
    1.0,
    1.111111111111111,
    1.25,
    1.4285714285714282,
    1.6666666666666665,
    1.9999999999999991,
    2.499999999999999,
    3.333333333333333,
    4.999999999999996,
    9.999999999999991
  ]
}